Gender,Married,Dependents,Education,Self_Employed,ApplicantIncome,CoapplicantIncome,LoanAmount,Loan_Amount_Term,Credit_History,Property_Area,Loan_Status
Male,Yes,0,Graduate,No,9167,7867,341,480,1,Urban,1
Female,Yes,0,Not Graduate,No,6190,4264,502,120,1,Rural,1
Female,No,3+,Graduate,No,5575,7968,73,480,1,Semiurban,1
Male,No,0,Graduate,No,8727,8146,360,480,1,Semiurban,1
Male,No,0,Graduate,No,16378,7776,510,120,0,Semiurban,0
Male,No,2,Not Graduate,No,2797,8558,257,120,1,Urban,1
Male,No,0,Not Graduate,No,3131,8719,487,240,1,Rural,0
Female,No,2,Graduate,No,15900,4886,587,480,1,Semiurban,1
Male,Yes,0,Graduate,No,18199,3935,385,300,1,Rural,1
Female,Yes,0,Graduate,Yes,12332,4619,471,120,1,Semiurban,1
Male,Yes,0,Graduate,Yes,7666,5191,370,360,1,Urban,1
Female,No,0,Graduate,No,17526,6875,546,480,1,Rural,1
Female,No,3+,Graduate,No,13479,7856,636,120,0,Semiurban,0
Male,Yes,0,Graduate,No,2410,5401,212,300,1,Semiurban,1
Male,No,0,Graduate,No,13665,3022,590,240,1,Semiurban,1
Male,No,0,Graduate,No,1534,5738,214,480,0,Semiurban,0
Male,Yes,0,Graduate,No,4364,5984,615,120,1,Urban,1
Male,Yes,2,Graduate,No,18416,1770,344,120,1,Semiurban,1
Male,No,0,Graduate,No,4342,9969,91,360,1,Semiurban,1
Male,Yes,1,Not Graduate,No,14465,8989,334,360,1,Urban,1
Male,No,3+,Graduate,No,5500,3215,436,480,1,Semiurban,1
Male,Yes,0,Graduate,No,2172,6694,187,120,1,Rural,1
Male,No,3+,Graduate,No,9007,2976,236,480,1,Rural,1
Male,No,0,Graduate,No,2641,3737,480,120,0,Semiurban,0
Male,No,0,Graduate,No,17855,9903,603,360,1,Urban,1
Female,Yes,0,Graduate,No,9738,752,465,300,1,Urban,1
Male,No,1,Not Graduate,No,5726,1392,475,180,1,Urban,1
Male,No,3+,Graduate,No,12789,6789,465,180,0,Semiurban,0
Male,Yes,0,Graduate,No,12017,677,75,120,1,Semiurban,1
Male,No,1,Graduate,No,1363,105,420,360,1,Rural,1
Male,Yes,0,Graduate,No,11358,4753,434,240,1,Urban,1
Male,Yes,0,Graduate,No,4309,1946,105,240,1,Semiurban,1
Male,Yes,0,Graduate,Yes,17929,5544,302,180,1,Semiurban,1
Female,Yes,3+,Graduate,No,4240,1095,683,300,1,Semiurban,0
Female,Yes,1,Graduate,No,7665,6985,155,180,0,Urban,0
Female,No,0,Graduate,No,13921,1782,179,120,0,Urban,0
Male,Yes,0,Graduate,No,2936,4541,425,300,1,Rural,1
Male,No,0,Not Graduate,No,14968,3257,357,240,0,Urban,0
Female,Yes,0,Graduate,No,12197,6213,140,360,1,Semiurban,1
Male,Yes,0,Graduate,No,12998,4869,442,360,1,Rural,1
Male,Yes,2,Graduate,No,1882,1561,583,120,1,Urban,1
Male,No,0,Not Graduate,No,7923,4006,159,180,1,Urban,1
Male,Yes,0,Graduate,No,14708,9867,610,120,1,Urban,1
Female,Yes,0,Graduate,No,6204,9314,690,360,1,Urban,1
Male,No,2,Graduate,No,8288,3981,634,240,1,Semiurban,1
Female,Yes,1,Graduate,No,4203,9493,389,360,1,Urban,1
Male,Yes,0,Graduate,No,3244,5682,614,300,1,Semiurban,1
Male,Yes,1,Graduate,No,1018,5782,405,480,0,Semiurban,0
Male,No,0,Graduate,No,18025,943,217,360,0,Semiurban,0
Male,Yes,0,Graduate,No,4083,4550,606,360,1,Rural,0
Female,No,0,Graduate,No,9521,9137,501,480,1,Semiurban,1
Female,Yes,0,Graduate,No,18249,600,154,300,0,Urban,1
Female,No,0,Graduate,No,1773,6376,199,180,1,Rural,1
Female,No,3+,Graduate,No,5732,9609,195,360,1,Urban,1
Male,No,2,Graduate,No,7795,1524,348,120,1,Semiurban,1
Female,Yes,1,Not Graduate,Yes,7984,3766,216,360,1,Urban,1
Male,No,0,Graduate,No,3567,250,695,120,1,Rural,1
Male,Yes,0,Graduate,Yes,17121,9736,97,300,1,Rural,1
Male,Yes,1,Graduate,No,2674,78,687,360,1,Urban,1
Male,Yes,0,Not Graduate,No,11875,3123,288,300,0,Urban,0
Male,No,0,Graduate,No,12572,9089,56,300,0,Urban,0
Male,No,0,Graduate,No,1739,7064,513,180,1,Rural,0
Female,No,2,Graduate,No,2545,8417,502,360,0,Semiurban,0
Male,Yes,0,Graduate,No,10327,1209,420,120,1,Urban,1
Male,Yes,0,Graduate,No,6127,5153,598,120,1,Semiurban,1
Male,No,2,Graduate,Yes,10065,4898,536,360,1,Rural,1
Male,Yes,0,Graduate,Yes,11492,2178,260,480,1,Urban,1
Female,Yes,0,Not Graduate,No,14749,7610,214,180,1,Urban,1
Male,Yes,0,Graduate,No,10045,8895,174,180,1,Rural,1
Female,Yes,0,Graduate,No,19667,2544,386,180,1,Urban,1
Female,Yes,2,Graduate,No,10521,5522,241,120,0,Semiurban,1
Male,Yes,0,Graduate,No,9669,2370,263,300,1,Rural,1
Male,Yes,0,Graduate,No,12283,3281,623,480,0,Rural,0
Female,Yes,2,Graduate,No,7998,4710,377,180,1,Urban,1
Female,No,2,Graduate,No,14440,328,430,120,1,Rural,1
Female,Yes,2,Not Graduate,No,13697,5579,627,120,1,Urban,1
Female,Yes,0,Not Graduate,No,14733,4228,288,300,1,Urban,1
Male,No,0,Graduate,No,2269,6794,581,360,1,Rural,0
Male,Yes,3+,Graduate,No,8868,120,131,360,1,Urban,1
Male,No,2,Not Graduate,No,13373,6749,412,180,1,Semiurban,1
Female,No,0,Graduate,No,19987,964,554,180,1,Semiurban,1
Male,Yes,0,Not Graduate,No,6961,4224,251,480,1,Urban,1
Male,Yes,0,Graduate,No,16734,3675,553,300,1,Semiurban,1
Male,No,3+,Graduate,No,10661,5694,693,180,1,Urban,1
Male,No,0,Graduate,No,9569,2076,86,300,1,Semiurban,1
Male,Yes,0,Graduate,Yes,8557,6865,693,120,0,Rural,0
Female,Yes,0,Graduate,Yes,19064,5643,638,180,1,Urban,1
Male,Yes,1,Graduate,No,9433,8524,650,120,1,Urban,1
Female,No,2,Graduate,No,16653,5249,451,240,1,Urban,1
Male,Yes,0,Graduate,Yes,10111,1316,225,300,1,Urban,1
Male,No,2,Graduate,No,6682,1196,594,240,1,Urban,1
Female,Yes,3+,Not Graduate,No,16479,3170,619,180,1,Urban,1
Female,Yes,0,Graduate,No,16047,9621,516,120,1,Rural,1
Male,Yes,0,Not Graduate,No,9084,355,250,180,1,Rural,1
Female,Yes,0,Graduate,No,17453,9718,589,240,1,Semiurban,1
Male,Yes,2,Graduate,No,7200,28,596,180,1,Urban,1
Male,Yes,1,Not Graduate,Yes,11278,1013,686,480,1,Semiurban,1
Male,Yes,1,Graduate,Yes,3007,9019,443,360,1,Semiurban,1
Male,No,2,Graduate,No,16802,2024,91,240,1,Rural,1
Male,Yes,0,Graduate,Yes,14329,8490,646,180,0,Semiurban,0
Male,Yes,3+,Graduate,No,3779,5839,442,120,1,Rural,1
Male,No,0,Graduate,No,1755,5791,672,180,1,Semiurban,1
Male,No,0,Not Graduate,No,7495,754,490,120,1,Urban,1
Male,No,1,Graduate,No,11187,8961,666,360,0,Semiurban,0
Female,No,2,Graduate,No,10513,3735,555,180,1,Rural,1
Male,Yes,0,Graduate,No,19714,1238,369,360,1,Rural,1
Male,Yes,2,Graduate,No,18400,1906,602,240,1,Rural,1
Female,No,3+,Graduate,Yes,8347,7399,264,120,0,Semiurban,0
Male,No,0,Graduate,No,15249,7961,120,480,0,Semiurban,1
Male,Yes,3+,Graduate,No,15879,9756,617,240,0,Rural,0
Male,No,0,Graduate,No,15057,9410,285,120,1,Urban,1
Male,Yes,0,Graduate,No,13057,4601,330,360,1,Urban,1
Female,Yes,0,Graduate,Yes,5938,9549,666,300,1,Semiurban,1
Female,Yes,2,Graduate,Yes,1737,1460,211,180,1,Semiurban,1
Male,Yes,1,Graduate,No,7200,7669,240,360,1,Rural,1
Female,Yes,0,Not Graduate,No,9371,1416,58,120,1,Semiurban,1
Female,Yes,0,Graduate,No,17615,7766,109,120,1,Semiurban,1
Male,No,1,Graduate,No,19301,1428,274,120,0,Rural,0
Female,Yes,0,Graduate,No,9534,4378,631,120,1,Rural,1
Male,Yes,2,Graduate,No,3623,7529,336,180,1,Semiurban,1
Female,No,2,Graduate,No,9646,4474,218,240,1,Urban,1
Female,No,0,Graduate,No,14543,3071,111,480,1,Semiurban,1
Male,No,3+,Graduate,No,13817,555,398,300,1,Urban,1
Male,No,0,Graduate,No,19660,8547,491,180,1,Urban,1
Male,No,3+,Graduate,No,5497,1563,63,120,1,Urban,1
Male,Yes,1,Graduate,No,8933,1040,213,180,0,Rural,1
Female,Yes,1,Graduate,No,19519,2686,469,360,1,Rural,1
Female,Yes,0,Graduate,No,7727,2553,569,480,0,Rural,0
Male,Yes,2,Not Graduate,No,13156,1779,597,120,1,Semiurban,1
Male,Yes,0,Not Graduate,Yes,18949,75,609,300,1,Rural,1
Male,No,0,Not Graduate,No,17692,4326,646,120,1,Rural,1
Male,Yes,0,Not Graduate,No,9627,5835,77,480,1,Semiurban,1
Male,Yes,0,Not Graduate,No,9368,5057,495,300,1,Semiurban,1
Male,Yes,0,Graduate,No,17522,2349,257,480,0,Urban,0
Female,No,1,Graduate,No,17577,2773,519,300,1,Semiurban,1
Male,Yes,2,Graduate,Yes,16577,2262,153,240,1,Semiurban,1
Male,No,0,Graduate,No,14472,3229,475,240,1,Rural,1
Female,Yes,1,Graduate,No,1942,392,150,180,1,Urban,1
Male,Yes,0,Graduate,No,5620,1108,590,180,1,Urban,1
Female,Yes,2,Graduate,No,17195,4362,688,300,0,Semiurban,0
Female,No,2,Graduate,No,12154,5188,571,120,1,Rural,1
Male,Yes,0,Not Graduate,Yes,7353,8802,155,360,1,Rural,1
Male,No,1,Graduate,Yes,10145,5057,326,360,0,Rural,0
Male,Yes,0,Graduate,No,10494,3998,114,120,1,Rural,1
Male,Yes,0,Graduate,No,14562,8864,237,120,1,Semiurban,1
Male,No,2,Graduate,No,3880,6566,366,240,1,Rural,1
Male,No,0,Not Graduate,Yes,1545,3677,187,360,0,Urban,0
Male,No,0,Graduate,No,15132,5796,392,300,0,Urban,0
Male,No,0,Not Graduate,No,14304,6363,154,480,1,Semiurban,1
Male,No,2,Graduate,No,2927,8123,595,180,1,Rural,0
Female,No,0,Graduate,Yes,17388,8222,429,480,1,Rural,1
Male,No,0,Graduate,Yes,12673,7690,159,240,0,Rural,0
Male,No,1,Graduate,No,16372,1400,594,360,1,Rural,1
Male,No,2,Graduate,No,3663,4071,403,120,1,Semiurban,0
Female,Yes,0,Graduate,No,16033,8808,366,360,1,Rural,1
Male,No,0,Graduate,Yes,10465,2786,315,300,0,Semiurban,0
Female,Yes,0,Not Graduate,No,4326,7169,114,240,1,Rural,1
Female,No,0,Graduate,No,4659,870,382,120,1,Rural,1
Male,No,0,Not Graduate,No,18515,4196,562,480,1,Urban,1
Female,Yes,2,Graduate,No,5763,9604,182,300,1,Semiurban,1
Male,No,1,Graduate,No,11828,2739,641,480,1,Urban,1
Male,Yes,1,Graduate,Yes,15820,940,589,180,1,Semiurban,1
Male,Yes,0,Graduate,No,12221,340,584,240,0,Rural,0
Male,No,2,Graduate,No,12211,7422,545,300,1,Rural,1
Male,Yes,0,Graduate,No,14569,4133,670,300,1,Semiurban,1
Female,No,3+,Graduate,No,6092,659,668,480,1,Urban,1
Male,No,1,Not Graduate,No,7022,9752,418,120,1,Semiurban,1
Male,Yes,0,Graduate,Yes,13569,3457,148,180,1,Semiurban,1
Male,Yes,1,Graduate,No,14515,9848,366,480,1,Rural,1
Male,Yes,0,Graduate,Yes,7159,2975,172,300,0,Urban,1
Female,Yes,1,Graduate,No,14223,9241,369,240,1,Semiurban,1
Male,No,0,Graduate,No,9445,453,642,300,1,Urban,1
Male,Yes,0,Graduate,No,12022,9896,544,360,1,Urban,1
Male,Yes,2,Graduate,No,4044,8184,506,240,0,Semiurban,0
Male,Yes,0,Graduate,No,10612,5442,571,240,1,Urban,1
Male,Yes,2,Graduate,No,6636,818,569,300,1,Rural,1
Female,No,0,Graduate,No,12593,4868,364,120,1,Rural,1
Male,Yes,1,Not Graduate,No,17179,12,591,240,1,Rural,1
Female,No,1,Not Graduate,No,3892,7727,528,360,1,Rural,0
Male,Yes,0,Graduate,No,6812,920,69,480,1,Urban,1
Male,No,0,Graduate,No,1654,4920,609,120,1,Rural,0
Male,Yes,0,Graduate,No,18143,2418,179,120,1,Semiurban,1
Female,Yes,0,Graduate,No,2798,9506,342,120,1,Rural,1
Female,No,0,Graduate,No,6159,6475,181,240,1,Semiurban,1
Male,Yes,1,Graduate,Yes,12618,2017,405,120,1,Semiurban,1
Female,No,3+,Graduate,No,9446,7957,103,300,1,Rural,1
Female,No,2,Graduate,Yes,4823,9420,436,120,0,Rural,0
Male,Yes,2,Graduate,No,17099,4792,314,360,1,Urban,1
Male,Yes,2,Not Graduate,No,19260,6830,264,180,0,Semiurban,1
Male,No,1,Not Graduate,No,8787,2434,509,360,0,Rural,0
Male,Yes,0,Graduate,No,12196,2868,507,240,1,Urban,1
Female,Yes,3+,Not Graduate,No,7380,1438,92,120,1,Rural,1
Female,Yes,1,Not Graduate,No,18392,3543,635,120,1,Rural,1
Male,Yes,0,Graduate,No,10702,1781,327,300,1,Rural,1
Male,Yes,0,Graduate,No,19892,6343,179,480,1,Semiurban,1
Male,No,0,Graduate,No,3682,2263,399,120,1,Rural,0
Female,No,0,Not Graduate,Yes,1989,211,593,360,1,Urban,0
Female,No,2,Not Graduate,No,13476,8699,155,240,1,Rural,1
Female,No,0,Graduate,No,9446,6159,50,180,1,Rural,1
Female,Yes,0,Graduate,No,5711,7027,633,120,0,Urban,0
Male,No,3+,Graduate,No,7479,331,481,180,1,Urban,1
Male,Yes,0,Graduate,No,14161,6860,355,120,1,Semiurban,1
Male,Yes,0,Graduate,Yes,15635,8044,576,240,0,Semiurban,0
Female,Yes,0,Not Graduate,No,9075,8169,102,480,1,Semiurban,1
Male,Yes,1,Graduate,Yes,2007,8742,569,360,1,Semiurban,1
Male,No,3+,Not Graduate,No,8688,5720,379,240,1,Urban,1
Male,No,0,Not Graduate,No,11763,9133,607,180,1,Rural,1
Female,Yes,2,Graduate,No,4908,727,374,120,1,Rural,1
Male,Yes,0,Graduate,Yes,12957,4975,163,180,1,Rural,1
Male,No,3+,Graduate,Yes,5379,3243,196,360,1,Semiurban,1
Male,Yes,2,Graduate,Yes,17482,648,215,240,1,Urban,1
Female,Yes,2,Graduate,No,1877,5095,428,180,0,Urban,0
Female,Yes,0,Graduate,No,16585,6614,188,180,0,Urban,0
Male,No,3+,Graduate,No,19252,7135,678,360,0,Rural,0
Female,No,1,Graduate,No,18772,1009,348,120,1,Semiurban,1
Male,Yes,0,Graduate,No,19799,1550,325,180,0,Urban,0
Male,Yes,2,Graduate,Yes,3637,8995,227,360,1,Semiurban,1
Female,No,0,Graduate,No,8242,7492,403,120,1,Urban,1
Male,No,2,Graduate,No,10257,3401,203,480,0,Semiurban,1
Female,Yes,0,Graduate,No,9613,7447,250,120,1,Urban,1
Female,No,1,Graduate,No,3883,5424,164,480,1,Semiurban,1
Male,Yes,0,Graduate,No,2204,4241,603,240,1,Urban,1
Male,Yes,0,Graduate,No,17928,3161,117,360,1,Urban,1
Male,No,0,Graduate,No,12831,4155,494,120,1,Semiurban,1
Male,Yes,0,Graduate,No,16464,7478,494,480,1,Semiurban,1
Male,Yes,0,Not Graduate,No,18607,8719,375,480,1,Rural,1
Female,Yes,0,Graduate,No,14994,9215,651,240,1,Semiurban,1
Male,Yes,1,Graduate,No,7520,6617,672,300,1,Urban,1
Female,No,0,Graduate,No,1654,5660,408,360,1,Urban,1
Male,Yes,0,Graduate,No,19830,8624,194,300,1,Semiurban,1
Female,No,2,Graduate,No,9412,1176,324,120,1,Rural,1
Male,Yes,0,Graduate,No,4666,7956,558,360,1,Semiurban,1
Male,Yes,3+,Graduate,No,5277,8592,228,240,0,Urban,1
Male,Yes,2,Graduate,No,19953,2233,526,120,1,Urban,1
Male,No,1,Graduate,Yes,6515,4700,463,360,1,Rural,1
Female,Yes,1,Graduate,No,10205,5906,202,360,1,Semiurban,1
Male,No,2,Graduate,Yes,16198,7860,153,300,1,Urban,1
Male,Yes,0,Not Graduate,No,4985,7526,124,120,1,Urban,1
Male,No,0,Graduate,No,14135,5559,177,240,1,Urban,1
Male,Yes,0,Graduate,No,9167,6732,617,240,0,Semiurban,0
Female,No,2,Graduate,No,8448,2513,394,120,1,Semiurban,1
Female,No,0,Graduate,No,4681,7830,580,120,1,Rural,0
Female,No,1,Graduate,No,17956,9965,208,480,1,Urban,1
Male,No,3+,Graduate,No,10524,6944,587,180,1,Urban,1
Male,No,2,Graduate,No,5753,7910,475,300,1,Rural,1
Female,Yes,0,Graduate,No,8082,5649,72,120,1,Urban,1
Male,Yes,0,Graduate,No,5002,1096,96,120,1,Rural,1
Female,Yes,2,Graduate,Yes,6629,9120,574,180,1,Rural,1
Female,No,1,Not Graduate,No,13278,1951,193,180,1,Urban,1
Female,Yes,0,Graduate,No,9417,9746,634,360,1,Semiurban,1
Male,No,0,Graduate,No,2997,9186,638,240,1,Semiurban,1
Male,Yes,3+,Graduate,Yes,9963,7799,468,300,1,Semiurban,1
Female,Yes,1,Graduate,No,16784,8804,134,360,0,Semiurban,1
Male,Yes,2,Graduate,No,5524,595,465,120,1,Urban,1
Male,No,2,Graduate,No,4407,7875,531,180,1,Rural,0
Male,Yes,1,Graduate,No,7731,9033,505,480,1,Rural,1
Female,Yes,0,Graduate,No,8795,4439,346,240,1,Urban,1
Female,Yes,0,Graduate,No,12332,5972,161,360,1,Semiurban,1
Male,Yes,0,Graduate,No,3911,858,279,480,1,Rural,1
Male,Yes,0,Not Graduate,No,19799,5519,145,240,1,Urban,1
Male,Yes,2,Graduate,Yes,17634,7385,427,480,1,Urban,1
Female,No,1,Graduate,No,16194,8636,205,180,1,Semiurban,1
Male,Yes,2,Graduate,No,5951,9980,470,360,1,Urban,1
Male,Yes,0,Graduate,No,9098,4317,154,360,1,Rural,1
Female,Yes,1,Not Graduate,No,17117,3454,379,240,0,Rural,0
Female,Yes,1,Graduate,No,9102,1030,488,480,1,Urban,1
Female,Yes,1,Graduate,No,6565,9487,181,180,1,Rural,1
Female,Yes,1,Graduate,Yes,2173,7906,431,120,1,Urban,1
Male,Yes,0,Graduate,No,9624,1447,187,360,1,Rural,1
Male,Yes,0,Graduate,No,15394,2850,319,120,1,Semiurban,1
Female,No,0,Graduate,No,14256,8106,599,180,1,Rural,1
Female,No,0,Graduate,No,1835,7151,445,360,1,Semiurban,1
Female,No,0,Graduate,No,19646,9503,606,360,1,Semiurban,1
Female,Yes,1,Graduate,No,12824,6952,513,480,1,Urban,1
Male,Yes,3+,Not Graduate,No,5567,4055,499,120,1,Semiurban,1
Male,Yes,1,Not Graduate,No,4815,5402,380,480,1,Rural,1
Female,Yes,2,Not Graduate,No,17630,9281,302,300,1,Rural,1
Male,No,0,Graduate,No,3429,1672,334,120,0,Semiurban,0
Female,Yes,1,Graduate,Yes,10182,4532,323,120,0,Urban,0
Female,Yes,0,Not Graduate,No,10118,4924,69,300,1,Semiurban,1
Female,Yes,0,Graduate,No,12630,6085,288,180,1,Rural,1
Male,No,0,Graduate,No,3607,7734,319,180,1,Rural,1
Male,Yes,0,Not Graduate,No,6930,4864,467,360,1,Semiurban,1
Male,Yes,0,Not Graduate,Yes,5022,9316,359,240,1,Semiurban,1
Male,Yes,0,Graduate,No,12991,1221,80,480,1,Semiurban,1
Male,Yes,0,Graduate,No,7617,2860,153,240,1,Rural,1
Male,Yes,3+,Graduate,No,4151,8428,235,360,1,Rural,1
Male,Yes,0,Not Graduate,No,6580,9336,177,240,1,Rural,1
Male,Yes,0,Not Graduate,No,8054,3253,259,120,1,Urban,1
Male,Yes,0,Graduate,No,8619,3782,463,120,1,Rural,1
Male,Yes,1,Graduate,No,16823,6957,330,300,1,Rural,1
Male,Yes,0,Not Graduate,Yes,14247,766,302,300,1,Urban,1
Female,Yes,0,Graduate,No,5573,2681,68,360,1,Urban,1
Male,No,0,Graduate,No,16339,7710,185,360,1,Urban,1
Male,No,0,Not Graduate,No,4491,7482,272,360,1,Urban,0
Male,Yes,0,Graduate,No,1706,5086,52,120,1,Urban,1
Female,Yes,0,Graduate,No,16728,7964,285,240,1,Urban,1
Male,Yes,0,Graduate,No,7997,2665,514,480,0,Semiurban,0
Male,Yes,0,Graduate,No,6233,9951,277,360,1,Semiurban,1
Male,No,0,Not Graduate,No,6755,3513,548,360,0,Semiurban,0
Male,Yes,2,Graduate,Yes,18718,495,570,120,1,Semiurban,1
Male,No,1,Not Graduate,No,19231,5822,188,480,0,Rural,0
Male,Yes,0,Graduate,No,7851,2072,325,120,1,Urban,1
Male,Yes,0,Graduate,No,13126,7795,340,480,1,Rural,1
Female,No,3+,Graduate,No,8865,8529,102,120,1,Urban,1
Female,No,0,Graduate,Yes,13118,3949,159,240,1,Urban,1
Male,No,0,Graduate,No,4317,6033,697,360,1,Rural,0
Male,No,1,Graduate,No,13212,8328,53,180,1,Semiurban,1
Female,Yes,0,Graduate,No,12347,2555,96,180,1,Rural,1
Male,No,0,Graduate,No,11390,6370,143,360,0,Rural,0
Male,Yes,0,Graduate,No,15863,4415,609,360,1,Urban,1
Male,No,2,Graduate,No,17548,5959,262,360,0,Urban,1
Male,Yes,0,Graduate,Yes,8060,9107,485,360,1,Urban,1
Female,No,1,Graduate,No,16504,5993,557,480,1,Semiurban,1
Female,Yes,3+,Graduate,No,4057,5021,254,240,1,Rural,1
Female,Yes,0,Graduate,No,5428,2907,430,180,1,Rural,1
Male,Yes,0,Graduate,No,1402,2914,122,300,1,Semiurban,1
Male,No,0,Graduate,Yes,9605,3870,565,180,1,Rural,1
Male,Yes,0,Not Graduate,No,16761,9190,125,180,1,Rural,1
Male,Yes,0,Graduate,No,1867,5085,126,120,1,Urban,1
Male,Yes,3+,Graduate,No,14779,6546,459,360,1,Semiurban,1
Female,Yes,1,Graduate,No,16155,395,663,360,1,Urban,1
Female,No,1,Graduate,No,9210,938,155,360,1,Semiurban,1
Male,Yes,0,Graduate,No,1364,9828,600,120,1,Urban,1
Female,No,2,Not Graduate,No,16366,2510,525,240,1,Rural,1
Female,Yes,3+,Graduate,No,7571,4636,324,240,1,Semiurban,1
Male,Yes,2,Not Graduate,Yes,17963,1649,137,300,1,Semiurban,1
Male,No,0,Graduate,No,15017,3690,126,240,1,Urban,1
Male,No,1,Graduate,Yes,7468,3435,126,240,1,Semiurban,1
Male,Yes,0,Graduate,No,5150,3201,491,360,1,Rural,1
Male,Yes,0,Graduate,No,14065,4179,589,480,1,Rural,1
Female,No,0,Graduate,Yes,5137,8405,294,180,1,Rural,1
Male,Yes,1,Graduate,No,13236,3237,627,240,1,Urban,1
Male,No,1,Graduate,No,17836,3862,431,240,1,Semiurban,1
Male,No,0,Not Graduate,No,13153,58,619,120,1,Urban,1
Male,No,0,Graduate,Yes,14833,4938,191,300,0,Rural,0
Female,Yes,0,Not Graduate,No,2381,2971,417,480,1,Semiurban,0
Female,No,0,Graduate,No,9154,9719,133,120,1,Rural,1
Male,Yes,0,Graduate,No,2467,8314,192,360,1,Semiurban,1
Male,Yes,0,Graduate,No,14439,9628,401,180,0,Semiurban,0
Male,Yes,2,Not Graduate,No,18264,9354,594,300,0,Urban,0
Male,Yes,0,Graduate,Yes,13006,3345,201,120,0,Semiurban,1
Male,No,0,Graduate,No,4149,2486,207,240,0,Rural,0
Male,No,0,Graduate,No,8892,561,495,240,1,Semiurban,1
Male,No,3+,Graduate,No,17136,3981,352,300,1,Rural,1
Male,Yes,1,Graduate,No,2168,6261,673,240,1,Urban,1
Male,Yes,1,Graduate,No,13356,1737,499,120,1,Rural,1
Male,Yes,0,Graduate,No,4129,9096,273,120,1,Semiurban,1
Male,No,1,Graduate,No,16032,3554,92,240,0,Rural,0
Male,Yes,0,Graduate,No,3526,9918,313,240,1,Rural,1
Male,No,1,Graduate,No,12059,9126,52,360,1,Semiurban,1
Female,Yes,3+,Graduate,No,4516,7095,686,180,0,Rural,0
Female,Yes,1,Not Graduate,No,11386,8266,317,300,1,Semiurban,1
Male,No,2,Graduate,No,4555,294,645,120,1,Urban,1
Male,Yes,1,Graduate,No,17012,8212,65,300,0,Rural,1
Male,No,0,Graduate,No,15157,9230,383,360,0,Urban,0
Male,No,3+,Graduate,No,6111,5330,513,120,1,Rural,1
Male,Yes,0,Graduate,No,7752,4655,108,360,0,Rural,1
Female,Yes,0,Not Graduate,No,17829,1109,226,360,1,Urban,1
Male,Yes,0,Graduate,No,7364,3771,112,480,0,Rural,1
Male,No,0,Not Graduate,Yes,4626,8563,610,240,1,Rural,0
Male,Yes,0,Graduate,No,4875,6123,356,480,1,Urban,1
Male,Yes,0,Graduate,No,6497,7647,295,300,1,Rural,1
Male,Yes,0,Graduate,No,16979,1174,338,300,1,Semiurban,1
Female,No,1,Not Graduate,No,12529,1164,381,240,1,Rural,1
Male,Yes,0,Graduate,No,17645,9284,576,480,1,Rural,1
Female,No,0,Graduate,Yes,14382,9475,304,300,1,Rural,1
Female,No,0,Graduate,No,5025,9037,653,480,0,Urban,0
Male,Yes,0,Graduate,No,11458,8712,559,240,0,Semiurban,0
Male,Yes,1,Graduate,No,14844,4466,655,120,1,Semiurban,1
Male,No,1,Graduate,No,5175,5538,512,360,1,Rural,1
Male,Yes,2,Graduate,No,10174,7111,248,360,1,Urban,1
Male,No,1,Graduate,Yes,4443,8434,320,480,1,Urban,0
Female,Yes,0,Graduate,No,11725,2800,607,300,1,Semiurban,1
Male,Yes,1,Not Graduate,No,1693,4607,113,480,1,Urban,1
Male,No,0,Graduate,No,9347,7262,279,480,1,Rural,1
Female,Yes,0,Graduate,No,12780,1541,298,180,0,Rural,1
Male,Yes,2,Graduate,No,19196,2765,295,360,1,Urban,1
Female,Yes,0,Graduate,No,14841,4491,636,240,1,Rural,1
Male,Yes,2,Graduate,No,15254,3083,206,480,1,Semiurban,1
Male,Yes,2,Graduate,Yes,15021,5356,613,180,1,Rural,1
Female,Yes,2,Graduate,Yes,14368,1857,137,180,1,Urban,1
Male,No,3+,Graduate,No,6724,769,362,360,1,Semiurban,1
Female,Yes,0,Graduate,No,2407,1422,115,360,0,Rural,0
Female,No,0,Graduate,No,9032,8598,69,360,0,Semiurban,0
Female,Yes,1,Not Graduate,No,15572,2972,82,240,1,Urban,1
Male,No,0,Graduate,No,18794,1872,607,180,1,Rural,1
Male,Yes,1,Graduate,Yes,8394,5599,122,300,1,Rural,1
Female,No,1,Graduate,Yes,17935,2269,392,240,1,Semiurban,1
Female,Yes,1,Graduate,Yes,12586,5275,182,120,1,Rural,1
Female,Yes,0,Graduate,No,13926,4749,104,480,1,Rural,1
Male,Yes,0,Not Graduate,No,1997,6571,110,360,1,Rural,1
Male,Yes,0,Not Graduate,No,15390,9373,569,180,1,Rural,1
Female,Yes,0,Graduate,Yes,7099,5072,321,480,0,Urban,0
Male,Yes,2,Not Graduate,No,14509,9631,295,240,1,Rural,1
Female,No,0,Not Graduate,No,6490,5463,225,120,1,Semiurban,1
Female,Yes,0,Not Graduate,No,6616,7450,677,240,1,Urban,1
Male,Yes,0,Not Graduate,Yes,16958,8420,366,240,1,Semiurban,1
Female,Yes,1,Graduate,No,3248,3959,180,300,1,Semiurban,1
Female,No,1,Graduate,Yes,18232,1313,151,480,1,Semiurban,1
Male,Yes,0,Graduate,Yes,11748,7847,359,300,0,Urban,0
Female,Yes,0,Graduate,No,11514,1070,341,240,1,Urban,1
Male,Yes,0,Not Graduate,No,9695,9166,544,120,1,Urban,1
Female,No,0,Graduate,No,9070,9930,410,180,1,Rural,1
Male,No,1,Graduate,No,9894,3285,387,180,0,Semiurban,0
Female,Yes,1,Not Graduate,No,17698,8949,628,480,1,Urban,1
Male,No,0,Not Graduate,No,16123,3095,59,360,1,Semiurban,1
Male,No,0,Not Graduate,No,3376,320,98,360,1,Urban,1
Female,Yes,3+,Graduate,No,5378,2321,536,180,1,Urban,1
Male,No,0,Graduate,No,12182,555,672,240,1,Urban,1
Male,Yes,1,Graduate,Yes,1574,4939,370,240,1,Semiurban,1
Female,Yes,0,Graduate,Yes,14330,5432,618,300,0,Rural,0
Female,Yes,0,Graduate,No,9949,1386,674,480,1,Urban,1
Male,Yes,0,Graduate,No,6670,4763,182,300,1,Urban,1
Male,Yes,0,Not Graduate,No,7567,6854,632,360,1,Urban,1
Male,No,3+,Graduate,No,13716,7637,132,180,1,Rural,1
Male,Yes,0,Graduate,No,7117,4841,106,240,1,Semiurban,1
Male,Yes,0,Graduate,Yes,8837,3867,425,180,1,Semiurban,1
Female,Yes,0,Graduate,No,17587,3793,398,120,0,Semiurban,0
Female,No,0,Graduate,No,15531,7373,320,180,1,Semiurban,1
Female,Yes,0,Graduate,Yes,19376,2513,532,120,1,Urban,1
Female,Yes,0,Graduate,No,19627,3803,160,300,1,Rural,1
Male,Yes,2,Graduate,No,9498,2327,125,300,0,Urban,1
Male,Yes,0,Graduate,No,19071,8809,207,360,1,Rural,1
Male,No,0,Not Graduate,No,5109,2165,581,180,1,Semiurban,1
Male,No,3+,Graduate,No,19244,3308,692,180,1,Rural,1
Male,Yes,0,Graduate,No,18106,6452,378,120,1,Urban,1
Female,No,3+,Graduate,Yes,14521,8067,171,300,1,Urban,1
Male,Yes,0,Not Graduate,No,9720,7642,90,120,1,Semiurban,1
Male,No,2,Graduate,No,5893,6404,216,300,1,Urban,1
Male,Yes,1,Graduate,No,17727,992,691,120,1,Urban,1
Female,Yes,2,Not Graduate,No,9400,5424,72,300,1,Rural,1
Male,Yes,3+,Graduate,No,15606,9569,328,120,1,Urban,1
Male,No,0,Graduate,No,11139,4381,518,300,1,Semiurban,1
Male,Yes,3+,Graduate,Yes,18303,3174,449,480,1,Semiurban,1
Female,Yes,0,Graduate,No,3044,4782,58,120,0,Urban,0
Male,Yes,0,Graduate,No,17802,9497,62,180,1,Semiurban,1
Female,No,0,Graduate,No,19133,5560,101,360,1,Rural,1
Female,Yes,0,Not Graduate,No,18483,7460,258,480,1,Rural,1
Male,No,0,Not Graduate,No,4392,3078,599,480,1,Urban,0
Male,No,0,Graduate,No,11672,2983,661,120,1,Urban,1
Female,Yes,0,Graduate,No,15444,7259,451,360,1,Rural,1
Male,No,2,Graduate,No,7784,6054,240,180,1,Semiurban,1
Male,Yes,2,Not Graduate,No,18929,2523,100,480,1,Urban,1
Female,No,0,Not Graduate,No,2070,9677,442,180,1,Urban,0
Female,Yes,0,Graduate,No,2850,4581,670,300,1,Semiurban,1
Female,No,0,Not Graduate,No,13390,5609,349,360,1,Urban,1
Female,No,0,Graduate,No,3939,2001,671,240,1,Semiurban,1
Male,No,0,Graduate,No,11095,1387,245,300,1,Semiurban,1
Male,No,0,Graduate,No,17301,6552,466,360,1,Semiurban,1
Female,Yes,0,Graduate,No,8194,1030,469,120,0,Semiurban,0
Male,Yes,3+,Graduate,No,6851,9957,689,120,1,Semiurban,1
Male,No,0,Graduate,No,17378,1220,666,180,0,Rural,0
Female,Yes,0,Graduate,No,1678,6035,571,480,0,Semiurban,0
Male,Yes,1,Not Graduate,No,1988,9810,405,240,1,Rural,0
Male,No,0,Graduate,Yes,2502,9455,197,120,0,Semiurban,0
Male,No,0,Graduate,No,19173,6523,414,360,1,Urban,1
Male,No,1,Graduate,Yes,17198,8074,413,480,1,Rural,1
Male,Yes,0,Graduate,No,18809,9063,451,480,1,Urban,1
Male,No,0,Graduate,No,16867,834,655,360,1,Semiurban,1
Male,Yes,3+,Graduate,No,15266,9110,541,480,0,Semiurban,0
Male,No,2,Graduate,No,7654,1724,278,120,1,Urban,1
Female,Yes,1,Graduate,No,3440,6598,624,360,1,Semiurban,1
Male,No,0,Graduate,Yes,11234,2413,586,360,1,Urban,1
Female,No,1,Graduate,No,8367,9505,317,180,0,Semiurban,0
Male,Yes,0,Graduate,No,14490,5993,454,240,1,Semiurban,1
Male,No,0,Graduate,Yes,3594,4498,60,180,0,Rural,0
Female,Yes,0,Graduate,No,19820,2105,369,240,1,Urban,1
Male,No,0,Not Graduate,No,6517,2568,175,360,1,Semiurban,1
Female,No,0,Graduate,No,10219,9330,355,480,0,Urban,0
Male,Yes,0,Graduate,No,7310,209,560,240,1,Rural,1
Female,No,3+,Graduate,No,4539,9256,138,360,1,Urban,1
Male,No,3+,Graduate,No,15744,4911,404,360,1,Rural,1
Female,Yes,1,Graduate,No,19625,2220,677,180,1,Urban,1
Male,Yes,0,Not Graduate,No,7378,233,401,180,1,Urban,1
Female,No,2,Not Graduate,No,10365,792,63,480,1,Rural,1
Male,No,0,Not Graduate,No,12422,3110,306,300,0,Semiurban,0
Male,No,2,Graduate,No,5911,2166,258,120,1,Semiurban,1
Female,No,0,Graduate,No,1403,8526,330,300,0,Semiurban,0
Male,Yes,2,Graduate,No,14180,9551,492,300,1,Urban,1
Male,No,0,Graduate,No,5163,5193,438,480,1,Urban,1
Female,Yes,2,Graduate,No,17471,1214,666,240,1,Semiurban,1
Male,Yes,3+,Graduate,No,15336,4419,532,480,1,Urban,1
Male,Yes,0,Not Graduate,No,6470,7314,196,480,1,Urban,1
Male,Yes,0,Graduate,No,15953,8475,328,360,1,Semiurban,1
Female,Yes,3+,Graduate,No,7276,212,570,360,1,Rural,1
Male,Yes,0,Graduate,Yes,6739,1658,679,360,1,Urban,1
Male,No,2,Graduate,No,7523,5024,655,120,1,Urban,1
Female,Yes,1,Graduate,No,15993,9609,483,240,1,Urban,1
Female,Yes,0,Graduate,No,13873,5917,193,240,0,Urban,1
Male,Yes,0,Graduate,No,14419,5141,338,360,1,Rural,1
Male,Yes,0,Graduate,No,15457,1794,435,300,1,Semiurban,1
Male,Yes,2,Not Graduate,No,3064,5988,63,120,1,Urban,1
Male,Yes,0,Not Graduate,No,6315,8296,306,300,1,Semiurban,1
Male,Yes,0,Graduate,No,11566,5578,395,180,1,Urban,1
Male,No,0,Graduate,No,1317,5551,394,240,1,Rural,1
Male,Yes,1,Not Graduate,No,18886,3845,449,240,1,Semiurban,1
Male,Yes,2,Not Graduate,Yes,7130,6906,256,300,1,Rural,1
Female,Yes,3+,Graduate,No,8419,378,221,120,1,Urban,1
Female,No,0,Graduate,No,3042,3293,513,240,1,Rural,0
Female,Yes,2,Graduate,No,5598,3329,319,300,1,Rural,1
Male,Yes,2,Not Graduate,No,11214,4808,270,480,1,Urban,1
Male,Yes,1,Not Graduate,No,1118,7937,201,480,1,Urban,1
Female,Yes,3+,Graduate,Yes,1709,224,672,120,1,Semiurban,1
Female,Yes,0,Not Graduate,No,16857,737,232,300,1,Urban,1
Male,Yes,0,Graduate,No,13601,235,448,480,1,Semiurban,1
Female,Yes,2,Not Graduate,No,4250,711,121,120,1,Rural,1
Female,Yes,0,Graduate,Yes,9061,5988,467,360,1,Rural,1
Female,Yes,2,Not Graduate,No,9609,1888,332,120,1,Semiurban,1
Female,No,2,Graduate,No,3603,7173,123,180,1,Urban,1
Male,No,0,Graduate,No,13046,1259,404,360,1,Urban,1
Male,No,2,Graduate,No,18485,5246,546,300,1,Rural,1
Female,No,0,Not Graduate,Yes,8857,7271,377,360,1,Semiurban,1
Female,Yes,0,Not Graduate,No,12620,748,584,360,1,Rural,1
Male,Yes,1,Not Graduate,No,9177,3551,629,300,1,Rural,1
Male,Yes,3+,Not Graduate,No,19645,6400,496,300,1,Urban,1
Male,Yes,0,Graduate,No,12826,6643,422,480,1,Semiurban,1
Female,No,0,Graduate,No,14890,8701,411,180,1,Rural,1
Female,Yes,1,Graduate,No,17892,1823,142,300,1,Urban,1
Male,No,1,Graduate,Yes,19763,6852,370,240,1,Rural,1
Male,Yes,1,Graduate,No,14830,7777,373,240,1,Rural,1
Male,No,0,Graduate,No,10484,4232,433,180,1,Urban,1
Female,Yes,0,Graduate,No,6495,6519,624,120,1,Urban,1
Female,Yes,0,Graduate,No,12267,1777,395,120,0,Semiurban,0
Female,Yes,2,Graduate,No,8398,1222,152,240,1,Rural,1
Male,Yes,0,Graduate,No,7743,7630,264,300,1,Semiurban,1
Male,Yes,0,Not Graduate,No,6171,1777,241,180,1,Urban,1
Male,Yes,3+,Graduate,No,17005,9496,243,120,1,Urban,1
Male,No,0,Not Graduate,No,17708,7490,429,120,1,Rural,1
Female,Yes,3+,Graduate,No,14004,4859,452,360,1,Semiurban,1
Female,Yes,1,Graduate,No,11962,8893,649,240,1,Semiurban,1
Female,Yes,2,Not Graduate,No,11775,8118,60,300,0,Rural,0
Female,No,0,Graduate,No,4557,2989,236,180,1,Rural,1
Male,Yes,0,Graduate,No,4587,8343,64,120,1,Semiurban,1
Female,Yes,1,Graduate,No,17535,1325,346,360,1,Urban,1
Female,Yes,2,Graduate,No,1954,9493,460,240,0,Urban,0
Female,Yes,2,Graduate,No,14794,9903,634,240,1,Rural,1
Male,No,0,Graduate,No,1687,5127,101,180,1,Semiurban,1
Male,Yes,2,Graduate,Yes,9501,8998,689,120,0,Semiurban,0
Male,Yes,2,Graduate,Yes,16138,2722,77,180,0,Semiurban,1
Female,No,1,Graduate,No,10694,4656,626,180,1,Urban,1
Male,Yes,2,Not Graduate,No,4127,1325,66,480,1,Urban,1
Male,Yes,2,Graduate,No,13760,4133,400,360,1,Semiurban,1
Female,Yes,1,Graduate,No,12559,9351,477,240,0,Semiurban,0
Male,No,0,Not Graduate,No,15796,2869,699,480,1,Rural,1
Male,Yes,0,Graduate,No,4395,1242,278,300,1,Rural,1
Male,No,0,Graduate,Yes,1845,8539,259,240,1,Semiurban,1
Female,Yes,0,Graduate,No,2164,1831,480,240,0,Semiurban,0
Male,Yes,0,Graduate,No,13954,1569,343,360,1,Urban,1
Female,Yes,0,Graduate,No,6904,7246,631,300,1,Semiurban,1
Male,No,0,Not Graduate,No,14731,1918,153,120,1,Rural,1
Female,Yes,0,Graduate,Yes,1354,6416,253,300,1,Urban,1
Male,No,2,Graduate,No,19256,3232,102,120,1,Rural,1
Male,No,3+,Graduate,No,19408,3758,424,300,1,Rural,1
Female,Yes,0,Graduate,No,3817,5997,103,180,1,Urban,1
Male,Yes,3+,Graduate,No,4832,2355,325,300,1,Rural,1
Male,Yes,0,Graduate,No,13467,9589,384,480,1,Semiurban,1
Male,Yes,0,Graduate,No,9257,1824,80,480,1,Rural,1
Female,No,0,Graduate,No,14107,7280,184,360,1,Urban,1
Male,No,0,Graduate,No,13458,4060,107,120,1,Urban,1
Female,Yes,2,Graduate,No,11713,5324,154,240,0,Urban,1
Male,Yes,1,Not Graduate,No,3581,404,315,360,1,Rural,0
Male,No,0,Graduate,No,10582,1721,571,480,0,Semiurban,0
Male,Yes,0,Graduate,Yes,19870,5316,545,480,1,Urban,1
Male,No,0,Graduate,No,9418,3845,302,120,0,Semiurban,0
Male,Yes,0,Graduate,No,19827,4210,344,480,1,Urban,1
Male,No,0,Graduate,No,15419,64,207,480,0,Semiurban,0
Male,Yes,0,Graduate,No,12814,9491,598,120,1,Semiurban,1
Female,Yes,2,Graduate,Yes,2036,6382,680,480,1,Semiurban,1
Male,Yes,3+,Not Graduate,No,11024,9607,116,240,1,Urban,1
Male,Yes,0,Graduate,No,11932,968,348,180,1,Rural,1
Female,Yes,3+,Graduate,No,8435,368,512,360,1,Rural,1
Male,No,0,Not Graduate,No,2548,8424,150,240,1,Rural,1
Male,No,0,Not Graduate,No,6065,2242,105,240,1,Semiurban,1
Female,Yes,0,Not Graduate,No,4407,5002,381,180,1,Urban,0
Female,Yes,1,Graduate,No,1639,3083,442,360,1,Semiurban,1
Male,Yes,3+,Graduate,No,1172,8073,430,240,1,Urban,1
Female,Yes,1,Graduate,No,6666,9112,141,480,1,Semiurban,1
Male,Yes,0,Graduate,No,5354,8880,496,180,1,Urban,1
Male,Yes,1,Graduate,No,11109,1469,158,360,1,Urban,1
Male,Yes,0,Graduate,No,3886,4725,366,300,1,Urban,0
Female,Yes,2,Not Graduate,No,3164,4259,217,120,1,Semiurban,1
Male,Yes,0,Graduate,No,4945,3622,484,480,1,Rural,0
Male,Yes,0,Not Graduate,No,11401,823,491,180,1,Semiurban,1
Male,No,1,Graduate,No,8746,3431,267,120,1,Semiurban,1
Male,Yes,1,Graduate,No,12975,6528,271,300,0,Urban,1
Male,No,0,Graduate,No,19974,4151,577,240,0,Urban,0
Male,Yes,1,Graduate,Yes,8754,4213,327,240,1,Rural,1
Male,Yes,0,Graduate,No,16596,7420,618,360,1,Rural,1
Male,No,1,Graduate,No,6185,8989,623,180,1,Urban,1
Male,No,2,Not Graduate,No,2093,779,515,180,1,Rural,0
Male,No,2,Graduate,No,4880,2892,651,360,1,Rural,0
Male,Yes,0,Graduate,No,11686,5534,633,120,1,Urban,1
Male,Yes,0,Graduate,No,11771,3306,79,240,1,Semiurban,1
Female,No,0,Graduate,No,11680,2902,408,240,1,Rural,1
Male,Yes,2,Graduate,No,3785,3718,337,180,1,Urban,1
Female,Yes,0,Graduate,No,15799,21,135,180,1,Rural,1
Male,Yes,0,Graduate,No,17280,1500,283,360,1,Rural,1
Male,Yes,0,Graduate,No,7539,9034,362,300,1,Urban,1
Male,No,0,Graduate,No,18958,9952,414,120,1,Rural,1
Male,Yes,1,Graduate,No,17016,3641,318,480,0,Rural,0
Male,Yes,0,Graduate,No,15730,5212,180,300,1,Rural,1
Male,Yes,2,Graduate,No,11565,191,400,300,1,Semiurban,1
Male,Yes,0,Graduate,No,9060,8587,229,180,1,Semiurban,1
Male,Yes,0,Graduate,No,4990,7174,529,180,1,Rural,1
Male,Yes,0,Graduate,No,18573,5114,212,180,1,Urban,1
Male,Yes,0,Not Graduate,No,5095,4662,145,300,1,Rural,1
Male,No,0,Graduate,No,15549,4326,559,120,0,Rural,0
Male,Yes,1,Not Graduate,No,19259,9065,414,180,1,Semiurban,1
Female,Yes,0,Not Graduate,No,10979,4335,402,240,1,Semiurban,1
Male,No,2,Graduate,No,6408,8281,485,120,1,Semiurban,1
Female,No,0,Graduate,Yes,14937,8648,132,240,1,Rural,1
Male,Yes,0,Graduate,No,3833,9196,274,120,1,Rural,1
Male,Yes,2,Not Graduate,Yes,6285,5494,461,180,1,Urban,1
Female,Yes,0,Graduate,No,10589,8536,167,480,0,Rural,1
Female,No,0,Graduate,No,15708,2711,531,360,1,Rural,1
Male,No,0,Graduate,No,15116,7595,241,180,1,Semiurban,1
Male,No,0,Not Graduate,No,8645,6273,640,300,1,Semiurban,1
Female,Yes,2,Not Graduate,No,13018,6284,639,480,1,Semiurban,1
Female,No,0,Graduate,No,11889,9308,156,300,1,Semiurban,1
Male,Yes,2,Graduate,No,5777,8817,431,120,1,Semiurban,1
Male,Yes,2,Graduate,No,16994,3994,439,300,1,Urban,1
Male,Yes,0,Graduate,No,3735,1678,293,480,1,Urban,1
Male,No,3+,Not Graduate,No,14611,8414,634,480,1,Urban,1
Male,Yes,0,Graduate,No,7368,743,517,180,1,Semiurban,1
Male,No,3+,Graduate,No,18205,462,587,240,1,Semiurban,1
Male,Yes,0,Graduate,No,1162,1568,259,180,1,Semiurban,1
Female,Yes,1,Not Graduate,No,8777,1736,653,120,1,Urban,1
Male,Yes,0,Not Graduate,No,15849,7903,686,300,1,Semiurban,1
Male,Yes,0,Graduate,No,19316,7002,122,240,1,Urban,1
Female,No,1,Graduate,Yes,4535,8856,684,360,0,Semiurban,0
Female,Yes,1,Graduate,No,14403,1356,358,480,1,Rural,1
Male,No,0,Graduate,No,15516,1014,639,240,1,Urban,1
Male,No,0,Graduate,No,8959,1054,235,240,1,Rural,1
Male,No,1,Graduate,Yes,4933,1764,302,180,1,Urban,1
Male,Yes,1,Graduate,No,4385,6009,62,360,0,Semiurban,0
Male,Yes,3+,Not Graduate,No,1922,4458,348,480,0,Semiurban,0
Male,Yes,2,Graduate,No,11367,9604,125,120,1,Rural,1
Male,No,3+,Graduate,No,14737,667,100,120,1,Semiurban,1
Male,No,1,Graduate,No,1564,3370,198,240,1,Urban,1
Male,Yes,0,Graduate,No,11789,5976,171,240,1,Semiurban,1
Male,No,0,Not Graduate,No,3500,1394,260,300,1,Semiurban,1
Male,Yes,2,Graduate,No,7881,8290,329,360,0,Urban,0
Male,Yes,1,Graduate,Yes,4636,4070,587,480,1,Rural,1
Male,Yes,0,Graduate,No,1223,6982,205,240,1,Rural,1
Female,No,0,Graduate,No,7297,8613,287,300,1,Semiurban,1
Male,Yes,3+,Graduate,No,15895,5599,425,360,0,Urban,0
Female,No,0,Graduate,No,1350,3650,131,480,1,Rural,1
Female,No,0,Graduate,No,19312,9324,541,120,1,Rural,1
Male,No,0,Not Graduate,No,5732,9894,405,300,1,Semiurban,1
Male,Yes,0,Graduate,Yes,2017,3620,322,360,1,Urban,1
Male,Yes,0,Graduate,No,19610,3190,629,300,1,Rural,1
Male,Yes,0,Not Graduate,No,16229,8789,93,240,1,Semiurban,1
Female,Yes,0,Graduate,No,8170,391,622,180,1,Semiurban,1
Male,Yes,2,Graduate,No,14303,1075,172,120,1,Semiurban,1
Male,No,0,Graduate,No,7207,2650,398,240,0,Semiurban,0
Male,Yes,2,Graduate,No,13316,2384,379,240,0,Rural,0
Male,Yes,2,Graduate,No,3419,809,458,360,1,Urban,1
Male,Yes,0,Graduate,No,7240,8047,372,300,0,Semiurban,0
Male,Yes,1,Not Graduate,No,2893,5501,160,120,1,Semiurban,1
Male,Yes,0,Graduate,No,14753,6895,138,240,1,Rural,1
Female,Yes,2,Graduate,No,6322,1159,482,360,1,Semiurban,1
Male,No,0,Graduate,No,12232,7574,148,120,1,Semiurban,1
Male,Yes,1,Graduate,No,18509,1531,588,300,1,Urban,1
Male,No,1,Graduate,No,4117,5481,650,240,1,Semiurban,1
Male,No,0,Graduate,No,5161,7548,195,480,0,Rural,0
Male,Yes,0,Not Graduate,Yes,16523,4976,306,240,1,Urban,1
Male,No,1,Graduate,No,5042,5695,238,240,1,Rural,1
Male,Yes,1,Graduate,No,5433,8445,289,120,0,Urban,1
Male,No,0,Graduate,No,15016,3548,552,120,1,Urban,1
Male,Yes,1,Graduate,No,3658,6163,320,120,1,Semiurban,1
Female,No,0,Graduate,No,11910,6671,569,120,1,Semiurban,1
Male,No,1,Graduate,No,3944,5264,599,360,0,Semiurban,0
Male,No,0,Graduate,Yes,8210,1231,163,180,1,Rural,1
Male,No,2,Graduate,No,9787,2423,388,360,1,Semiurban,1
Female,Yes,0,Graduate,No,2986,8071,617,240,1,Semiurban,1
Male,Yes,0,Graduate,Yes,11942,4261,408,360,1,Urban,1
Male,Yes,0,Graduate,No,18458,9765,699,300,1,Semiurban,1
Female,Yes,0,Not Graduate,No,13161,2908,663,480,0,Semiurban,0
Female,No,0,Graduate,No,4007,4712,383,120,1,Semiurban,1
Female,Yes,0,Graduate,No,1969,6755,218,300,1,Semiurban,1
Male,No,2,Graduate,No,9772,9817,388,480,0,Urban,0
Male,Yes,0,Graduate,No,3824,3883,310,300,0,Semiurban,0
Female,No,0,Graduate,No,2211,3515,248,240,1,Urban,1
Female,Yes,0,Graduate,No,1229,3403,260,120,1,Rural,1
Male,No,0,Graduate,No,16774,4598,336,300,0,Semiurban,0
Male,No,0,Not Graduate,Yes,15345,5008,521,240,1,Semiurban,1
Male,Yes,0,Graduate,Yes,4185,6222,531,120,1,Semiurban,1
Female,Yes,0,Graduate,No,16011,4009,72,180,1,Urban,1
Male,No,0,Graduate,No,17885,2735,609,240,1,Semiurban,1
Male,Yes,0,Not Graduate,No,1048,4491,158,360,1,Semiurban,1
Male,Yes,1,Graduate,No,16173,8593,345,120,1,Rural,1
Male,Yes,0,Graduate,No,17770,974,55,300,1,Urban,1
Male,Yes,0,Graduate,No,1969,223,599,480,1,Urban,1
Male,Yes,3+,Graduate,No,15553,4613,252,300,0,Rural,1
Male,Yes,0,Graduate,No,6820,6777,374,360,1,Urban,1
Male,Yes,1,Not Graduate,No,15292,8427,293,360,1,Semiurban,1
Male,Yes,0,Graduate,No,4052,4211,376,300,1,Semiurban,0
Male,No,2,Not Graduate,Yes,12609,225,96,480,1,Rural,1
Male,Yes,2,Graduate,No,3302,8183,640,120,1,Urban,1
Male,No,0,Graduate,No,3283,4277,671,240,0,Urban,0
Male,Yes,3+,Graduate,Yes,16385,1341,62,360,1,Urban,1
Male,Yes,0,Graduate,No,10799,4036,429,360,0,Rural,0
Male,Yes,0,Not Graduate,No,16620,8401,414,360,1,Semiurban,1
Male,Yes,2,Not Graduate,No,1122,3727,651,480,1,Rural,0
Female,Yes,2,Not Graduate,No,10472,3928,391,180,1,Semiurban,1
Male,Yes,0,Graduate,No,4727,2803,270,480,1,Rural,1
Female,Yes,0,Graduate,No,14732,9301,122,120,1,Semiurban,1
Male,Yes,0,Graduate,No,5958,6558,674,120,1,Urban,1
Female,No,0,Not Graduate,No,1524,393,95,120,1,Urban,1
Female,Yes,2,Graduate,No,10079,6839,553,120,1,Urban,1
Male,Yes,0,Graduate,No,9399,9035,323,120,1,Rural,1
Male,No,0,Graduate,No,17532,9716,604,300,0,Rural,0
Male,Yes,0,Graduate,No,17821,8795,257,360,0,Rural,1
Male,Yes,0,Not Graduate,No,11394,581,664,480,0,Urban,0
Female,No,0,Graduate,No,4749,132,173,300,1,Semiurban,1
Female,Yes,1,Graduate,No,12353,2838,59,480,1,Urban,1
Female,No,3+,Graduate,No,15009,3385,378,180,1,Urban,1
Male,No,2,Graduate,No,12437,3770,236,240,1,Semiurban,1
Female,Yes,0,Graduate,No,6336,2268,592,360,0,Semiurban,0
Female,Yes,2,Graduate,No,5551,975,109,180,1,Semiurban,1
Male,Yes,2,Not Graduate,Yes,3823,7605,491,300,1,Semiurban,1
Male,Yes,2,Not Graduate,No,13916,7213,266,240,0,Urban,0
Female,Yes,0,Graduate,No,16167,9735,51,180,1,Rural,1
Male,No,0,Graduate,No,9677,2835,585,480,1,Urban,1
Female,Yes,0,Not Graduate,Yes,15868,2738,405,240,1,Semiurban,1
Male,Yes,0,Graduate,No,9391,9549,675,480,1,Rural,1
Female,No,0,Graduate,No,13658,4134,214,180,1,Rural,1
Male,No,0,Graduate,No,19366,9508,140,300,0,Urban,0
Male,Yes,0,Graduate,No,10663,6833,216,480,1,Urban,1
Male,Yes,2,Graduate,Yes,3311,8353,256,240,1,Urban,1
Female,Yes,0,Not Graduate,Yes,8225,1909,331,180,1,Rural,1
Female,Yes,0,Graduate,No,12565,9319,114,480,1,Rural,1
Male,Yes,3+,Graduate,No,11270,9850,565,300,1,Rural,1
Male,Yes,3+,Graduate,No,14560,1963,206,360,1,Semiurban,1
Female,No,2,Graduate,Yes,17988,5153,355,300,1,Semiurban,1
Male,Yes,3+,Graduate,No,16965,966,444,300,1,Urban,1
Female,Yes,0,Graduate,No,6785,889,123,360,1,Rural,1
Male,Yes,3+,Graduate,No,13067,3061,236,300,1,Urban,1
Male,Yes,0,Graduate,No,9740,6461,623,360,1,Rural,1
Male,No,0,Not Graduate,No,14653,6166,386,360,1,Urban,1
Male,No,0,Not Graduate,Yes,18222,6967,617,480,1,Semiurban,1
Female,No,0,Graduate,Yes,4815,9858,672,480,0,Rural,0
Male,Yes,0,Graduate,No,18231,8101,289,360,1,Semiurban,1
Male,Yes,1,Graduate,No,5709,7379,582,180,1,Rural,1
Female,Yes,2,Graduate,Yes,5507,9633,190,240,0,Urban,1
Male,Yes,1,Graduate,No,7575,7280,314,180,1,Rural,1
Male,Yes,0,Graduate,Yes,5773,1067,188,360,1,Semiurban,1
Female,No,2,Graduate,No,13446,4223,508,240,1,Rural,1
Male,Yes,1,Not Graduate,No,11464,9018,119,480,1,Urban,1
Male,Yes,0,Not Graduate,No,16864,4607,434,240,1,Rural,1
Female,Yes,1,Not Graduate,No,4320,3985,679,360,1,Semiurban,0
Male,Yes,0,Graduate,No,11750,3179,247,480,1,Urban,1
Male,Yes,0,Graduate,No,5698,4538,254,240,1,Semiurban,1
Male,No,3+,Graduate,No,18948,2362,617,240,1,Rural,1
Female,No,0,Graduate,No,19224,2224,689,180,0,Semiurban,0
Male,No,0,Graduate,Yes,7058,6371,480,240,0,Rural,0
Male,Yes,2,Graduate,No,1726,1726,374,360,1,Urban,1
Female,Yes,1,Graduate,No,7697,5791,491,120,1,Semiurban,1
Female,Yes,0,Not Graduate,No,12910,8073,337,120,1,Semiurban,1
Male,Yes,0,Graduate,No,10257,8458,275,120,1,Rural,1
Male,No,0,Graduate,No,13963,7013,113,360,1,Semiurban,1
Male,Yes,1,Graduate,No,17666,837,609,120,1,Semiurban,1
Female,Yes,0,Graduate,No,2081,4584,547,180,1,Urban,1
Male,Yes,0,Graduate,No,11776,686,109,360,1,Rural,1
Male,Yes,3+,Graduate,No,15196,356,446,480,1,Rural,1
Female,No,0,Graduate,No,10344,9063,306,360,0,Urban,0
Female,Yes,0,Graduate,Yes,16958,4647,626,360,1,Urban,1
Male,Yes,0,Graduate,No,12689,4418,288,240,1,Rural,1
Female,Yes,1,Graduate,No,18331,6642,87,240,1,Urban,1
Male,Yes,0,Graduate,Yes,5760,3391,74,240,0,Urban,0
Female,No,0,Not Graduate,No,14436,4357,459,300,1,Urban,1
Male,No,2,Graduate,No,1066,4879,510,180,0,Rural,0
Male,No,0,Graduate,No,1564,5319,620,360,1,Urban,0
Female,No,0,Graduate,No,14393,2739,466,360,1,Semiurban,1
Male,Yes,0,Not Graduate,No,4670,9510,406,240,1,Semiurban,0
Male,No,0,Not Graduate,Yes,3251,9727,432,360,1,Rural,0
Female,Yes,0,Graduate,No,13949,4784,207,480,0,Urban,1
Female,Yes,0,Graduate,No,1804,9964,618,360,0,Semiurban,0
Male,No,0,Not Graduate,No,10583,877,482,120,1,Rural,1
Female,Yes,0,Graduate,Yes,18619,2870,97,480,1,Semiurban,1
Male,No,2,Graduate,No,13224,292,377,480,0,Urban,0
Male,Yes,3+,Graduate,No,7016,9843,482,360,1,Rural,1
Male,Yes,2,Not Graduate,No,14036,8728,480,300,0,Semiurban,0
Male,No,2,Not Graduate,No,13392,2686,105,240,1,Rural,1
Female,No,0,Graduate,No,8938,233,626,180,0,Semiurban,0
Male,Yes,3+,Graduate,No,5141,2374,317,180,1,Semiurban,1
Male,Yes,0,Graduate,No,10546,2272,118,120,1,Urban,1
Male,Yes,3+,Graduate,No,6335,966,650,180,1,Urban,1
Female,Yes,3+,Not Graduate,No,6077,889,498,180,0,Semiurban,0
Male,Yes,1,Graduate,Yes,14247,3863,306,240,1,Rural,1
Male,No,3+,Graduate,No,6611,6154,539,240,1,Rural,1
Male,Yes,0,Graduate,Yes,9089,3400,692,300,1,Urban,1
Male,No,0,Graduate,No,3892,8226,98,120,1,Semiurban,1
Male,Yes,0,Graduate,No,6577,4542,365,180,1,Urban,1
Female,Yes,1,Graduate,No,18943,3523,462,300,0,Semiurban,0
Female,No,0,Graduate,No,7683,1763,483,120,1,Semiurban,1
Male,Yes,1,Graduate,No,2507,3291,51,480,1,Urban,1
Female,Yes,3+,Graduate,Yes,17335,2488,194,180,1,Rural,1
Female,Yes,0,Graduate,No,3063,1558,415,180,0,Urban,0
Female,No,2,Graduate,Yes,3000,4690,469,240,1,Semiurban,0
Male,No,3+,Not Graduate,Yes,16566,6121,622,360,1,Urban,1
Male,Yes,3+,Not Graduate,No,2294,2276,610,120,0,Rural,0
Male,Yes,3+,Not Graduate,No,16096,4439,493,180,1,Rural,1
Male,Yes,0,Graduate,No,5065,1103,483,120,0,Semiurban,0
Female,No,3+,Not Graduate,No,15090,7520,692,300,1,Urban,1
Female,No,2,Graduate,Yes,18987,9611,604,300,0,Rural,0
Female,Yes,0,Graduate,No,18706,5409,106,360,1,Urban,1
Male,Yes,0,Graduate,No,19825,9670,611,180,1,Rural,1
Male,Yes,1,Graduate,No,18482,7869,227,240,1,Semiurban,1
Female,No,0,Graduate,No,10318,2956,342,180,1,Semiurban,1
Female,No,1,Graduate,No,9488,7710,95,120,0,Urban,0
Male,Yes,1,Graduate,Yes,12241,6017,219,480,1,Semiurban,1
Female,Yes,0,Graduate,No,11417,9574,320,300,1,Rural,1
Female,Yes,0,Graduate,No,16574,3384,466,120,1,Semiurban,1
Male,No,2,Graduate,No,16302,9761,188,360,1,Rural,1
Male,Yes,0,Graduate,No,15650,28,296,300,1,Rural,1
Male,No,0,Not Graduate,No,14350,8897,197,240,1,Semiurban,1
Male,Yes,0,Not Graduate,No,3096,9212,279,300,1,Rural,1
Male,Yes,0,Graduate,No,12801,9638,686,480,1,Rural,1
Female,Yes,3+,Graduate,No,19592,7756,423,180,1,Urban,1
Male,Yes,0,Graduate,No,17559,6948,129,480,1,Urban,1
Male,Yes,1,Not Graduate,No,8169,5755,655,480,1,Urban,1
Male,No,0,Graduate,No,14288,3602,114,180,1,Semiurban,1
Male,Yes,0,Graduate,No,11694,5062,137,300,1,Urban,1
Female,Yes,2,Graduate,No,13191,8071,137,360,0,Rural,1
Male,Yes,1,Graduate,No,19051,7244,253,180,1,Semiurban,1
Male,No,0,Graduate,No,11737,6372,431,180,1,Semiurban,1
Female,No,0,Not Graduate,No,19207,7105,650,240,1,Semiurban,1
Male,Yes,0,Graduate,No,6147,3581,525,300,1,Semiurban,1
Male,No,0,Graduate,No,18740,2762,622,180,1,Rural,1
Male,Yes,1,Not Graduate,No,7199,572,655,360,1,Rural,1
Male,Yes,0,Not Graduate,No,1546,7705,588,120,1,Urban,0
Male,No,0,Graduate,No,6231,614,263,300,1,Semiurban,1
Male,No,0,Graduate,No,8965,4050,123,240,1,Urban,1
Male,No,3+,Graduate,Yes,19467,325,110,480,1,Rural,1
Female,Yes,3+,Not Graduate,No,3040,3740,592,180,1,Semiurban,1
Male,Yes,0,Graduate,No,2752,358,268,360,1,Rural,1
Male,No,2,Not Graduate,Yes,2849,3777,61,300,1,Urban,1
Male,Yes,0,Graduate,No,3642,5906,464,360,1,Rural,1
Male,Yes,0,Graduate,No,2600,1721,81,360,1,Semiurban,1
Female,Yes,2,Graduate,No,14951,1349,209,480,1,Semiurban,1
Male,Yes,3+,Graduate,No,12797,3696,286,240,1,Urban,1
Female,Yes,3+,Graduate,Yes,18002,3896,230,300,1,Semiurban,1
Male,No,1,Graduate,No,2132,4260,607,180,1,Rural,1
Male,Yes,0,Graduate,No,6491,9788,390,240,1,Rural,1
Male,Yes,2,Not Graduate,No,6795,9819,507,180,1,Rural,1
Female,Yes,0,Graduate,No,11531,6941,129,120,1,Rural,1
Male,No,0,Graduate,No,11931,3808,696,360,1,Urban,1
Male,Yes,0,Graduate,Yes,8633,5246,522,120,1,Rural,1
Male,Yes,1,Graduate,No,18871,8384,161,360,1,Urban,1
Female,No,0,Graduate,No,6009,3845,341,480,1,Rural,1
Male,No,0,Graduate,No,3113,2577,680,240,1,Urban,0
Female,No,3+,Not Graduate,No,2044,91,432,180,1,Rural,0
Male,No,0,Graduate,No,14923,4234,66,480,1,Rural,1
Male,Yes,0,Graduate,No,3431,8672,542,180,1,Urban,1
Male,No,0,Graduate,No,14926,6592,380,240,1,Semiurban,1
Male,Yes,0,Graduate,No,2582,8128,535,300,1,Semiurban,1
Male,No,0,Graduate,No,15374,1075,455,120,1,Semiurban,1
Male,No,0,Not Graduate,No,2308,2513,166,120,1,Urban,1
Female,No,2,Not Graduate,No,9793,8168,604,180,1,Semiurban,1
Male,No,0,Graduate,No,2620,6861,164,180,1,Semiurban,1
Male,Yes,3+,Graduate,Yes,5766,8990,598,180,1,Urban,1
Male,Yes,1,Graduate,No,6192,604,674,240,1,Semiurban,1
Male,No,0,Graduate,No,7622,2979,596,300,0,Semiurban,0
Male,No,1,Graduate,No,7093,7140,693,120,1,Semiurban,1
Male,Yes,0,Graduate,No,17484,7065,385,480,1,Urban,1
Male,Yes,2,Graduate,No,1237,4916,385,360,1,Urban,1
Female,Yes,0,Graduate,No,12110,6800,196,240,1,Semiurban,1
Female,No,0,Graduate,No,7073,597,171,120,0,Semiurban,0
Male,No,2,Graduate,No,3542,9724,130,300,0,Urban,0
Male,Yes,3+,Graduate,Yes,16282,7320,424,240,1,Semiurban,1
Male,Yes,2,Graduate,No,11195,8705,619,480,1,Urban,1
Male,No,0,Not Graduate,No,2537,5622,112,120,1,Semiurban,1
Male,No,2,Graduate,No,18138,1877,553,240,1,Urban,1
Male,Yes,0,Graduate,No,12560,1699,498,120,1,Rural,1
Female,Yes,0,Graduate,No,14434,9221,477,120,1,Rural,1
Female,Yes,0,Not Graduate,No,8396,5780,476,300,1,Urban,1
Male,Yes,1,Graduate,No,17924,716,470,360,0,Rural,0
Male,Yes,0,Graduate,No,6131,4086,371,300,1,Semiurban,1
Male,No,0,Graduate,No,9697,665,215,120,1,Urban,1
Female,No,2,Graduate,No,18513,7846,646,240,1,Urban,1
Male,Yes,0,Not Graduate,No,11271,6611,698,480,1,Semiurban,1
Male,No,0,Graduate,No,4145,1079,510,300,1,Semiurban,1
Female,Yes,0,Not Graduate,Yes,14100,8419,508,360,0,Urban,0
Male,Yes,3+,Not Graduate,No,5067,8340,238,120,1,Semiurban,1
Female,Yes,0,Not Graduate,No,5195,1069,513,480,1,Urban,1
Male,Yes,0,Graduate,No,10244,5263,428,300,1,Semiurban,1
Male,No,2,Graduate,Yes,8281,7951,51,300,1,Urban,1
Male,No,2,Graduate,No,3509,1363,667,300,1,Semiurban,1
Female,Yes,0,Graduate,No,16502,4508,413,300,1,Semiurban,1
Female,Yes,1,Graduate,Yes,7533,1755,121,480,0,Rural,1
Female,No,2,Graduate,No,18065,519,476,240,1,Rural,1
Male,Yes,1,Graduate,No,15670,5463,687,360,0,Rural,0
Female,Yes,0,Graduate,No,4932,7233,219,360,1,Semiurban,1
Male,No,2,Not Graduate,Yes,15595,1102,254,120,1,Urban,1
Male,Yes,0,Graduate,No,14041,597,386,180,1,Semiurban,1
Female,Yes,0,Not Graduate,No,6560,3273,521,240,1,Rural,1
Male,Yes,0,Graduate,Yes,5016,5781,244,120,0,Semiurban,1
Male,No,0,Not Graduate,No,1719,6256,324,120,0,Rural,0
Male,Yes,0,Graduate,Yes,1074,7258,56,300,1,Rural,1
Male,Yes,2,Graduate,No,14161,8780,615,180,1,Urban,1
Male,No,0,Not Graduate,Yes,3149,6554,665,180,1,Urban,0
Male,Yes,0,Graduate,No,15033,9599,622,240,0,Rural,0
Male,No,0,Not Graduate,No,5207,8002,648,180,1,Rural,1
Female,Yes,0,Graduate,No,16043,4846,227,120,1,Semiurban,1
Female,No,3+,Graduate,No,10078,9821,291,180,1,Rural,1
Male,Yes,0,Graduate,No,12725,9186,252,180,1,Semiurban,1
Male,Yes,0,Graduate,No,4936,4798,592,360,1,Rural,1
Male,Yes,0,Graduate,No,10307,6605,511,120,1,Urban,1
Male,Yes,0,Graduate,No,18459,2986,129,480,0,Urban,1
Male,No,0,Graduate,No,5615,400,572,180,1,Rural,1
Male,No,1,Graduate,No,8265,2855,466,180,1,Semiurban,1
Male,Yes,3+,Not Graduate,No,11116,3412,433,300,1,Semiurban,1
Male,Yes,0,Not Graduate,No,16733,56,440,180,1,Semiurban,1
Male,No,1,Graduate,No,14892,8022,175,180,1,Rural,1
Male,No,2,Graduate,No,5652,1875,543,360,1,Rural,1
Female,Yes,2,Graduate,No,11473,4543,96,120,1,Urban,1
Female,Yes,0,Graduate,No,10247,4298,525,240,1,Urban,1
Male,Yes,0,Not Graduate,No,17925,3768,668,120,1,Rural,1
Female,No,0,Not Graduate,No,3161,5752,513,300,1,Urban,0
Male,Yes,1,Graduate,No,19635,4833,172,120,0,Semiurban,1
Female,Yes,2,Not Graduate,No,15588,1353,523,180,1,Semiurban,1
Female,Yes,0,Graduate,No,13061,4987,183,300,1,Rural,1
Male,No,0,Not Graduate,Yes,7041,6597,668,120,1,Semiurban,1
Male,Yes,3+,Graduate,No,13673,4311,611,300,1,Rural,1
Male,Yes,2,Graduate,No,2560,2934,656,240,1,Semiurban,1
Male,Yes,3+,Graduate,No,12954,22,72,120,1,Rural,1
Male,Yes,2,Graduate,No,18548,1209,615,480,1,Semiurban,1
Male,Yes,0,Graduate,No,16078,8940,284,180,1,Semiurban,1
Male,Yes,1,Not Graduate,No,6419,804,108,300,1,Urban,1
Female,Yes,1,Graduate,No,3722,8325,213,480,1,Urban,1
Female,Yes,0,Graduate,No,11550,4416,265,480,1,Urban,1
Male,Yes,0,Graduate,No,17854,8625,232,360,1,Urban,1
Male,No,1,Graduate,No,2468,5141,618,300,1,Urban,1
Male,No,0,Graduate,No,1808,4968,139,480,1,Urban,1
Male,Yes,2,Graduate,No,7719,3671,360,360,1,Rural,1
Female,No,1,Graduate,No,17363,7292,606,480,1,Rural,1
Male,Yes,3+,Graduate,No,11591,7001,306,180,1,Urban,1
Male,Yes,0,Graduate,No,6073,2098,582,240,1,Rural,1
Male,Yes,0,Graduate,No,9012,8444,582,360,1,Urban,1
Male,Yes,1,Not Graduate,No,19029,5061,101,240,1,Rural,1
Female,No,0,Graduate,No,14892,9321,387,300,0,Semiurban,0
Female,No,1,Graduate,No,9249,3264,220,180,1,Rural,1
Male,No,2,Graduate,No,18513,5435,116,360,1,Rural,1
Male,Yes,0,Graduate,No,16147,8493,674,300,1,Rural,1
Male,Yes,0,Graduate,No,18737,6691,349,480,1,Semiurban,1
Female,Yes,0,Graduate,No,1767,2763,281,120,0,Urban,0
Female,Yes,0,Graduate,No,4895,4005,117,300,1,Rural,1
Male,Yes,3+,Graduate,No,11200,3241,555,240,1,Rural,1
Male,Yes,2,Graduate,No,8329,3057,77,180,1,Semiurban,1
Female,Yes,1,Not Graduate,Yes,16332,550,677,180,1,Urban,1
Male,Yes,1,Not Graduate,No,15621,5574,100,300,1,Rural,1
Female,No,0,Graduate,No,12334,5411,309,480,1,Semiurban,1
Male,No,3+,Graduate,No,19174,1587,640,120,1,Urban,1
Male,No,1,Not Graduate,No,1885,5920,669,240,1,Urban,0
Male,Yes,1,Not Graduate,No,8734,5260,635,300,1,Rural,1
Male,Yes,2,Graduate,No,4906,4409,233,300,1,Rural,1
Male,Yes,0,Graduate,No,5492,5783,72,180,0,Rural,1
Female,No,2,Graduate,No,10730,712,178,240,1,Rural,1
Male,Yes,0,Graduate,No,3073,5406,340,120,0,Semiurban,0
Male,Yes,0,Graduate,No,17696,7990,550,180,0,Semiurban,0
Male,No,0,Graduate,No,7269,7420,235,300,1,Rural,1
Male,Yes,3+,Graduate,No,18194,6843,528,180,1,Urban,1
Male,Yes,2,Graduate,No,7841,2433,620,180,0,Rural,0
Male,Yes,1,Not Graduate,No,11955,3301,541,360,1,Urban,1
Female,Yes,1,Graduate,No,3032,270,562,180,1,Urban,1
Male,Yes,0,Graduate,No,10699,9986,692,480,1,Urban,1
Male,Yes,3+,Graduate,No,13737,1079,116,180,1,Semiurban,1
Male,Yes,0,Graduate,No,11762,5322,516,480,1,Urban,1
Female,Yes,0,Not Graduate,No,8129,8795,334,240,1,Urban,1
Female,No,0,Graduate,No,9788,5257,650,180,0,Semiurban,0
Female,Yes,2,Graduate,No,3147,7982,466,120,0,Urban,0
Male,Yes,1,Graduate,No,1615,9777,149,480,1,Urban,1
Male,Yes,0,Graduate,No,1947,6214,238,480,1,Rural,1
Male,No,0,Not Graduate,No,6677,5006,437,300,1,Urban,1
Male,Yes,2,Graduate,Yes,8866,3985,290,240,1,Urban,1
Male,Yes,0,Graduate,No,3013,9587,466,180,1,Urban,1
Male,No,1,Graduate,Yes,17874,8791,225,120,1,Urban,1
Male,No,3+,Graduate,Yes,19812,8705,436,300,1,Urban,1
Male,Yes,0,Not Graduate,No,5987,5991,520,240,1,Semiurban,1
Female,No,0,Not Graduate,No,9733,6227,282,480,1,Urban,1
Male,Yes,1,Graduate,No,10479,9258,501,120,1,Urban,1
Male,Yes,2,Graduate,No,10825,7833,326,180,0,Semiurban,0
Female,Yes,0,Not Graduate,No,3926,2886,278,360,1,Semiurban,1
Male,Yes,3+,Not Graduate,No,8282,2653,220,360,1,Urban,1
Female,No,0,Graduate,No,16635,9280,262,240,1,Urban,1
Male,Yes,0,Graduate,No,16847,4864,331,120,1,Urban,1
Male,Yes,1,Graduate,No,10490,2514,90,300,1,Rural,1
Female,No,2,Not Graduate,No,7986,3969,171,120,1,Rural,1
Female,No,0,Graduate,No,7862,3284,276,480,1,Urban,1
Female,Yes,2,Graduate,No,13159,7740,343,360,1,Semiurban,1
Male,Yes,0,Graduate,No,5423,4566,649,240,1,Urban,1
Male,Yes,0,Graduate,No,11450,2196,316,180,1,Semiurban,1
Male,No,0,Graduate,Yes,9159,789,590,120,1,Semiurban,1
Male,No,2,Graduate,No,3073,3475,500,360,1,Semiurban,1
Female,No,0,Graduate,Yes,18085,9856,498,300,1,Urban,1
Male,Yes,0,Graduate,No,11111,1309,110,240,1,Urban,1
Female,Yes,0,Graduate,No,7825,864,551,180,1,Semiurban,1
Male,Yes,2,Graduate,No,11652,5389,196,120,1,Rural,1
